我不是药神	主演：徐峥,周一围,王传君	上映时间：2018-07-05
肖申克的救赎	主演：蒂姆·罗宾斯,摩根·弗里曼,鲍勃·冈顿	上映时间：1994-09-10(加拿大)
绿皮书	主演：维果·莫腾森,马赫沙拉·阿里,琳达·卡德里尼	上映时间：2019-03-01
海上钢琴师	主演：蒂姆·罗斯,比尔·努恩,克兰伦斯·威廉姆斯三世	上映时间：2019-11-15
小偷家族	主演：中川雅也,安藤樱,松冈茉优	上映时间：2018-08-03
霸王别姬	主演：张国荣,张丰毅,巩俐	上映时间：1993-07-26
哪吒之魔童降世	主演：吕艳婷,囧森瑟夫,瀚墨	上映时间：2019-07-26
美丽人生	主演：罗伯托·贝尼尼,朱斯蒂诺·杜拉诺,赛尔乔·比尼·布斯特里克	上映时间：2020-01-03
这个杀手不太冷	主演：让·雷诺,加里·奥德曼,娜塔莉·波特曼	上映时间：1994-09-14(法国)
盗梦空间	主演：莱昂纳多·迪卡普里奥,渡边谦,约瑟夫·高登-莱维特	上映时间：2010-09-01
