陕西神木市发生3.1级地震，为塌陷	https://news.sina.com.cn/o/2021-03-18/doc-ikknscsi7768615.shtml
农业农村部：生猪生产稳步恢复 猪肉价格连续7周回落	https://news.sina.com.cn/c/2021-03-18/doc-ikkntiam4606322.shtml
香港全球金融中心指数排名上升至第四位	https://news.sina.com.cn/c/2021-03-18/doc-ikknscsi7752186.shtml
今年以来全国发生重大事故1起、死亡11人	https://news.sina.com.cn/o/2021-03-18/doc-ikkntiam4580106.shtml
国务院同意河南省洛阳市调整部分行政区划	https://news.sina.com.cn/c/2021-03-18/doc-ikkntiam4568965.shtml
一图看懂：北京市社会信用体系建设三年行动计划	https://news.sina.com.cn/c/2021-03-18/doc-ikkntiam4562539.shtml
浙江新增无症状感染者1例 为印度尼西亚输入	https://news.sina.com.cn/c/2021-03-18/doc-ikknscsi7720597.shtml
数额特别巨大！三名厅官涉嫌受贿被公诉	https://news.sina.com.cn/c/2021-03-18/doc-ikkntiam4561733.shtml
这个在缅甸“追杀”中国人的“人权组织” 什么来头?	https://news.sina.com.cn/c/2021-03-18/doc-ikkntiam4548014.shtml
北京：常态化防控要避免简单化 防止层层加码	https://news.sina.com.cn/c/2021-03-18/doc-ikkntiam4545835.shtml
驻美大使崔天凯：对这次中美对话没有过高期待或幻想	https://news.sina.com.cn/o/2021-03-18/doc-ikknscsi7698368.shtml
部署西太穿航台海 美国海岸警卫队到中国海岸干什么	https://news.sina.com.cn/o/2021-03-18/doc-ikknscsi7698296.shtml
31省区市新增6例确诊均为境外输入	https://news.sina.com.cn/2021-03-18/doc-ikkntiam4530334.shtml
北京：加强机场等重点部位及周边地区疫情防控	https://news.sina.com.cn/c/2021-03-18/doc-ikkntiam4532908.shtml
北京：加快疫苗接种节奏 研究出台鼓励措施	https://news.sina.com.cn/c/2021-03-18/doc-ikkntiam4533108.shtml
国务院同意河南省洛阳市调整部分行政区划	https://news.sina.com.cn/c/2021-03-18/doc-ikknscsi7672664.shtml
北京3月17日无新增新冠肺炎确诊病例	https://news.sina.com.cn/c/2021-03-18/doc-ikkntiam4505128.shtml
上海17日新增境外输入确诊病例2例 治愈出院5例	https://news.sina.com.cn/c/2021-03-18/doc-ikkntiam4502074.shtml
一觉醒来，约翰逊这么说中国！	https://news.sina.com.cn/c/2021-03-18/doc-ikkntiam4492779.shtml
中国联通回应FCC拟禁止其在美经营:期望得到公正检视	https://news.sina.com.cn/c/2021-03-18/doc-ikkntiam4505022.shtml
人民日报四问校外培训乱象：这是做教育 还是做生意	https://news.sina.com.cn/c/2021-03-18/doc-ikkntiam4487274.shtml
中国看不下去了 痛批日本背信弃义！	https://news.sina.com.cn/c/2021-03-18/doc-ikknscsi7657933.shtml
网络小说在中国成为一个大产业？日媒解析原因	https://news.sina.com.cn/c/2021-03-18/doc-ikkntiam4465632.shtml
英媒关注：女性“骨感”风潮在中国引反思	https://news.sina.com.cn/c/2021-03-18/doc-ikknscsi7626824.shtml
北京18日有沙尘污染滞留，白天有降雨	https://news.sina.com.cn/c/2021-03-18/doc-ikknscsi7626460.shtml
云南3月17日无新增确诊病例和无症状感染者	https://news.sina.com.cn/c/2021-03-18/doc-ikkntiam4462399.shtml
中美今天将进行的高层战略对话 会谈什么？	https://news.sina.com.cn/c/2021-03-18/doc-ikknscsi7695212.shtml
人民日报钟声：奉劝美方收起政治恫吓的把戏	https://news.sina.com.cn/c/2021-03-18/doc-ikkntiam4408735.shtml
完善香港选举制度将粉碎民进党乱港谋“独”妄想	https://news.sina.com.cn/c/2021-03-18/doc-ikknscsi7549919.shtml
中国驻美大使崔天凯就中美高层战略对话回答记者提问	https://news.sina.com.cn/c/2021-03-18/doc-ikkntiam4345501.shtml
沙尘暴之后为何又出现“沙尘回流”？专家解答	https://news.sina.com.cn/c/2021-03-18/doc-ikknscsi7503840.shtml
中国援科摩罗抗疫医疗队和新冠疫苗抵达莫罗尼	https://news.sina.com.cn/o/2021-03-18/doc-ikknscsi7385559.shtml
31省份发布2021年5G网络建设目标 多地将覆盖到乡镇	https://news.sina.com.cn/c/2021-03-18/doc-ikkntiam4220334.shtml
中央有关部门充分听取香港各界完善选举制度意见	https://news.sina.com.cn/o/2021-03-18/doc-ikkntiam4217514.shtml
袁鹏：高层战略对话在即 中美关系向何处去？	https://news.sina.com.cn/c/2021-03-17/doc-ikkntiam4184201.shtml
四川雅安大相岭大熊猫走廊带首次拍到黑颈鹤	https://news.sina.com.cn/c/2021-03-17/doc-ikknscsi7344885.shtml
湖南益阳2人在家死亡，警方认定为刑事案件	https://news.sina.com.cn/c/2021-03-17/doc-ikkntiam4179877.shtml
北京水务执法今夜兵分五路查排污，33家店18家有问题	https://news.sina.com.cn/c/2021-03-17/doc-ikknscsi7338552.shtml
上海宝山绿化带内发现一具尸体，警方排除刑案可能	https://news.sina.com.cn/c/2021-03-17/doc-ikkntiam4167606.shtml
郑州1例境外输入无症状感染者系非法入境	https://news.sina.com.cn/c/2021-03-17/doc-ikkntiam4162756.shtml
山西发现金代彩绘砖雕墓 内刻“墓有重开之日”	https://news.sina.com.cn/o/2021-03-17/doc-ikkntiam4158018.shtml
2020年GDP十强地级市：苏州一骑绝尘 五城过万亿	https://news.sina.com.cn/o/2021-03-17/doc-ikkntiam4153708.shtml
廖林任工行副董事长、行长	https://news.sina.com.cn/c/2021-03-17/doc-ikkntiam4149773.shtml
3月16日天津新增1例境外输入无症状感染者	https://news.sina.com.cn/c/2021-03-17/doc-ikkntiam4145901.shtml
国资委发文推进央企违规经营投资责任追究工作	https://news.sina.com.cn/o/2021-03-17/doc-ikknscsi7303501.shtml
浙江金华：参保人外卖购药即日起可使用医保支付	https://news.sina.com.cn/c/2021-03-17/doc-ikknscsi7299377.shtml
武汉货车侧翻压垮三环线？官方回应来了	https://news.sina.com.cn/c/2021-03-17/doc-ikkntiam4135908.shtml
北京：商超、酒店宾馆、餐馆取消75%限流	https://news.sina.com.cn/c/2021-03-17/doc-ikkntiam4147784.shtml
对“瘦肉精”、转基因食品 院士们这样回答	https://news.sina.com.cn/o/2021-03-17/doc-ikkntiam4132391.shtml
他替中国讨公道：美国必须停止对中国的侵犯！	https://news.sina.com.cn/c/2021-03-17/doc-ikkntiam4130352.shtml
中国在这个领域将超过美国？“中国威胁论”又来了	https://news.sina.com.cn/o/2021-03-17/doc-ikkntiam4130287.shtml
北京平谷区要求清明期间全域全时段禁烧	https://news.sina.com.cn/c/2021-03-17/doc-ikknscsi7285223.shtml
北京：加大疫情防控高风险问题公示曝光力度	https://news.sina.com.cn/c/2021-03-17/doc-ikkntiam4124542.shtml
上海警方：两男子偷盗搜救船发动机电捕鱼被抓获	https://news.sina.com.cn/c/2021-03-17/doc-ikknscsi7281268.shtml
受到处分后仍任原职，这名厅官终于被“双开”	https://news.sina.com.cn/c/2021-03-17/doc-ikkntiam4118714.shtml
华春莹连发两推 为大山深处的他们“打call”！	https://news.sina.com.cn/c/2021-03-17/doc-ikknscsi7274051.shtml
北京：做好防控措施下可举办500人以下会议	https://news.sina.com.cn/c/2021-03-17/doc-ikknscsi7276474.shtml
最新！北京市复工复产常态化防控措施来了！	https://news.sina.com.cn/c/2021-03-17/doc-ikkntiam4103705.shtml
国际锐评：美日声明“点名中国”完全是荒诞不经	https://news.sina.com.cn/c/2021-03-17/doc-ikknscsi7260731.shtml
江苏海警查获特大非法采砂案，涉案金额近亿元	https://news.sina.com.cn/c/2021-03-17/doc-ikknscsi7262117.shtml
内蒙古“70后”市委书记调任河南省政府	https://news.sina.com.cn/c/2021-03-17/doc-ikknscsi7261317.shtml
上海阴雨还有3天，周五中到大雨！周日起阳光大放送	https://news.sina.com.cn/c/2021-03-17/doc-ikknscsi7260696.shtml
广东潮州查处涉嫌销售问题钢筋经营单位11家	https://news.sina.com.cn/c/2021-03-17/doc-ikkntiam4116243.shtml
美军用这招窥视中国一年250架次！	https://news.sina.com.cn/c/2021-03-17/doc-ikkntiam4090572.shtml
重磅新规来了！大学生网贷套上“紧箍咒”	https://news.sina.com.cn/c/2021-03-17/doc-ikknscsi7257023.shtml
美日发表涉华“联合声明” 中国驻日本使馆回应	https://news.sina.com.cn/o/2021-03-17/doc-ikkntiam4086443.shtml
张琦任四川省公安厅交通管理局局长	https://news.sina.com.cn/c/2021-03-17/doc-ikknscsi7242376.shtml
滴滴公司拟再在俄20个城市开通服务	https://news.sina.com.cn/c/2021-03-17/doc-ikkntiam4078977.shtml
美日发表涉华联合声明，中国驻日本使馆回应	https://news.sina.com.cn/c/2021-03-17/doc-ikkntiam4072709.shtml
台湾疾控部门：最快下周开始接种阿斯利康新冠疫苗	https://news.sina.com.cn/c/2021-03-17/doc-ikknscsi7228633.shtml
北京环球影城停车楼竣工  可提供7000个车位	https://news.sina.com.cn/c/2021-03-17/doc-ikkntiam4069240.shtml
沙尘暴蓝色预警：13省区市将出现扬沙或浮尘天气	https://news.sina.com.cn/c/2021-03-17/doc-ikknscsi7221069.shtml
巴基斯坦总统夫妇接种中国疫苗，外交部回应	https://news.sina.com.cn/c/2021-03-17/doc-ikknscsi7221224.shtml
澳门一小学出现集体胃肠炎，4名6岁学生发热呕吐	https://news.sina.com.cn/c/2021-03-17/doc-ikknscsi7219391.shtml
3月17日外交部例行记者会(全文)	https://news.sina.com.cn/c/2021-03-17/doc-ikknscsi7215330.shtml
人民日报：商标抢注到英烈头上！脸都不要了？	https://news.sina.com.cn/c/2021-03-17/doc-ikkntiam4055162.shtml
建造世界最大储罐！北京天然气应急储备项目明年投产	https://news.sina.com.cn/c/2021-03-17/doc-ikknscsi7202201.shtml
上海抽检293批次食品，这4批次海鲜不合格	https://news.sina.com.cn/c/2021-03-17/doc-ikkntiam4052628.shtml
上海成品油价明天零点起上调	https://news.sina.com.cn/c/2021-03-17/doc-ikkntiam4043502.shtml
北京全市PM10处中重度污染水平，东南低西北高	https://news.sina.com.cn/c/2021-03-17/doc-ikknscsi7187892.shtml
拼多多黄峥辞任董事长，投入科学研究	https://news.sina.com.cn/zx/2021-03-17/doc-ikkntiam4029466.shtml
对比图来了！甘肃河西地区沙尘持续三天 现逐渐减弱	https://news.sina.com.cn/c/2021-03-17/doc-ikkntiam4020233.shtml
特斯拉CEO马斯克将与薛其坤院士对谈“颠覆性”创新	https://news.sina.com.cn/c/2021-03-17/doc-ikkntiam4025206.shtml
黑龙江省国资委原主任赵杰涉嫌受贿案开庭	https://news.sina.com.cn/c/2021-03-17/doc-ikknscsi7175989.shtml
果然 这是场“虚伪+煽动”会谈……	https://news.sina.com.cn/o/2021-03-17/doc-ikknscsi7175335.shtml
同一天的两条新闻，都跟这事有关	https://news.sina.com.cn/c/2021-03-17/doc-ikkntiam4017608.shtml
正厅级的他，违纪违法被处分后正常工作，还不收手！	https://news.sina.com.cn/c/2021-03-17/doc-ikkntiam4005730.shtml
台防务报告称将重点提升“制空制海”能力	https://news.sina.com.cn/o/2021-03-17/doc-ikknscsi7163394.shtml
“80后”韦翯钰，拟任正处级领导职务	https://news.sina.com.cn/c/2021-03-17/doc-ikkntiam4019734.shtml
科长被查5天后，两局领导同日落马	https://news.sina.com.cn/c/2021-03-17/doc-ikkntiam4019175.shtml
广西防城港市委书记李延强调任北部湾港集团党委书记	https://news.sina.com.cn/c/2021-03-17/doc-ikknscsi7263241.shtml
国际锐评：美方所谓涉港“制裁”纯属虚张声势	https://news.sina.com.cn/c/2021-03-17/doc-ikkntiam3992231.shtml
北京预计19日晚将有小雨，浮尘天气结束	https://news.sina.com.cn/c/2021-03-17/doc-ikknscsi7149935.shtml
五部委：进一步规范大学生互联网消费贷款监督管理	https://news.sina.com.cn/c/2021-03-17/doc-ikkntiam3983519.shtml
赵立坚：日本仰人鼻息，美日狼狈为奸	https://news.sina.com.cn/c/2021-03-17/doc-ikkntiam3981164.shtml
湖北发现特有珍稀植物 保护级别暂定为极危等级	https://news.sina.com.cn/o/2021-03-17/doc-ikkntiam3978496.shtml
中央依法治国办对8省区市启动法治督察反馈整改	https://news.sina.com.cn/c/2021-03-17/doc-ikknscsi7133219.shtml
深圳一街道执法负责人骚扰女下属，被行拘后调岗处理	https://news.sina.com.cn/c/2021-03-17/doc-ikkntiam3991763.shtml
外交部：美上届政府的荼毒还未清除	https://news.sina.com.cn/c/2021-03-17/doc-ikknscsi7126065.shtml
中国政府援助巴基斯坦第二批新冠疫苗顺利抵达	https://news.sina.com.cn/c/2021-03-17/doc-ikkntiam3962596.shtml
