集祥阁 diy中国结材料包线材5号线手链项链劳技课材料包手工制作编织学生 套餐十五	https://item.jd.com/60365479551.html	42.80	
庄梦蝶 抖音加密72号玉线手工编织红线绳项链绳手链手绳diy材料红绳子 红色 0.8mm/50米	https://item.jd.com/42243973352.html	8.60	
庄梦蝶 72号玉线 抖音同款手工编织绳编绳编制线自编手链的红绳子手绳女diy材料包 72号 红色0.8mm/50米	https://item.jd.com/42239714148.html	8.50	
庄梦蝶 金线扫把股线金银线彩色diy手工配件手链编织红绳中国结玉线金丝 3股金线	https://item.jd.com/44695623562.html	6.90	300+
庄梦蝶 抖音同款红绳编织绳编织线72号玉线手工手绳子手链项链脚链DIY材料中国结 【72号】红色0.8mm 1卷50米	https://item.jd.com/42242526211.html	9.90	100+
庄梦蝶 红绳7号线绳子编织本命年手工编制手链编织手绳项链diy材料包 7号线约100米【大红色】	https://item.jd.com/67529679744.html	17.00	55
集祥阁 DIY书签笛子扇吊穗子须子乐器饰品挂件陈情令周边国风流苏多彩色 大红色	https://item.jd.com/54711265052.html	2.35	400+
庄梦蝶 中国结线7号线1.5mmdiy手工编织宝宝手链吊坠绳本命年红绳子七彩 7号线约20米 大红色+白珠子	https://item.jd.com/42242432260.html	5.00	700+
庄梦蝶 C59青丝自编手绳diy材料包编织线抖音头发编绳手链手工本命年红绳 黑色编2条	https://item.jd.com/44694657774.html	29.00	85
庄梦蝶 五号线手工制作diy编绳手链 编织线猪年 本命年红绳5号中国结绳子 七彩线(粗2.5mm)	https://item.jd.com/44810253815.html	9.90	87
庄梦蝶 抖音同款编头发手链编织手绳一缕青丝网红自制手工编织红绳子材料 a玉线小卷40米红黑色各1卷+红白黑珠共10颗	https://item.jd.com/67529684514.html	25.00	46
庄梦蝶 手工编织绳串珠粗线 diy饰品材料自编手链项链挂绳绳子红绳手编绳 1.5mm红色(米兰线)23米	https://item.jd.com/63053257593.html	18.00	49
手工制作DIY仿 自制耳钉耳坠耳夹耳饰品配件女 珍珠1号耳环材料包 可做10对	https://item.jd.com/60050512384.html	37.00	20
庄梦蝶 缠葫芦龙头绳红绳编织七彩手工DIY手链项链戒指五彩绑绳穿珍珠线 大卷彩色3股1000米	https://item.jd.com/10021573458151.html	23.00	46
庄梦蝶 手工编织细红绳手链项链本命年绳子脚链吊坠挂绳缠戒指红绳中国结 2号线大红约6毫米粗【5米】	https://item.jd.com/42244051103.html	38.00	68
庄梦蝶 72号玉线手工编织红线绳项链绳手链手绳diy材料红绳子玉坠 红色0.8毫米/卷	https://item.jd.com/42243981320.html	9.80	100+
庄梦蝶 编织线红线绳吊坠绳挂绳 DIY手工串珠玉线手链项链缠戒指中国结线 红绳-72玉线小卷	https://item.jd.com/42242428589.html	15.00	38
庄梦蝶 手链红绳中国结绳子7号线手工DIY金店红绳五彩绳编织线宝宝吊坠绳 大红色 约100米	https://item.jd.com/42244003911.html	21.00	98
【芙蕖】加厚厂s990纯银铃铛吊坠diy配件饰品红绳编织散件 光珠5毫米	https://item.jd.com/29032071352.html	19.00	35
庄梦蝶 925纯银diy手工配件珍珠项链螺丝连接扣红绳手链串珠饰品材料 A款素银(单个价格)	https://item.jd.com/42256029747.html	35.00	27
庄梦蝶 红线绳项链挂绳手工编织手绳戒指女diy材料包编手链脚链的红绳子 7号线红色 约100米	https://item.jd.com/44645417088.html	21.00	89
庄梦蝶 925纯银扣子红绳皮绳编织手链扣diy配件光身夹扣珍珠搭扣接头 孔径3mm 一套	https://item.jd.com/10023214964340.html	59.00	0
庄梦蝶 红绳编织线绳红线吊坠绳挂绳戒指手链项链绳手工DIY编中国结线材 小卷5号线红色20米一捆	https://item.jd.com/42243994850.html	13.00	100+
庄梦蝶 72号玉线编织绳吊坠线手链的红绳子脚链手绳女diy手工材料包线绳 12色装【可选颜色】	https://item.jd.com/10024927410535.html	28.00	11
致如祎 DIY中国结线材编织挂件红绳手链手工配件材料项链绳无弹力吊坠玉线情人节礼物 红色 线粗2.5mm左右 长约10米	https://item.jd.com/10026101503768.html	3.68	1
庄梦蝶 金刚结手绳半成品玉米结自编红绳手链脚链diy材料编织线手工编绳 S01 玉米结【红色】两尾珠	https://item.jd.com/57146438387.html	21.00	4
庄梦蝶 本命年红绳皮带扣红腰链貔貅平安扣鼠生肖红腰绳红腰带男女 单皮带扣	https://item.jd.com/62484213369.html	24.00	55
